<?xml version="1.0" encoding="UTF-8"?>
<image-tag-list>
  <image-tag imageIdentifier="./assets/images/trump/h13.gif" tag="トランプ"></image-tag>
  <image-tag imageIdentifier="./assets/images/trump/z02.gif" tag="トランプ"></image-tag>
  <image-tag imageIdentifier="./assets/images/trump/h06.gif" tag="トランプ"></image-tag>
  <image-tag imageIdentifier="./assets/images/trump/h09.gif" tag="トランプ"></image-tag>
  <image-tag imageIdentifier="./assets/images/trump/s11.gif" tag="トランプ"></image-tag>
  <image-tag imageIdentifier="./assets/images/trump/d11.gif" tag="トランプ"></image-tag>
  <image-tag imageIdentifier="./assets/images/trump/d06.gif" tag="トランプ"></image-tag>
  <image-tag imageIdentifier="./assets/images/trump/c05.gif" tag="トランプ"></image-tag>
  <image-tag imageIdentifier="./assets/images/trump/s13.gif" tag="トランプ"></image-tag>
  <image-tag imageIdentifier="./assets/images/trump/s06.gif" tag="トランプ"></image-tag>
  <image-tag imageIdentifier="./assets/images/trump/h08.gif" tag="トランプ"></image-tag>
  <image-tag imageIdentifier="./assets/images/trump/s02.gif" tag="トランプ"></image-tag>
  <image-tag imageIdentifier="./assets/images/trump/s05.gif" tag="トランプ"></image-tag>
  <image-tag imageIdentifier="./assets/images/trump/s12.gif" tag="トランプ"></image-tag>
  <image-tag imageIdentifier="./assets/images/trump/h12.gif" tag="トランプ"></image-tag>
  <image-tag imageIdentifier="./assets/images/trump/s01.gif" tag="トランプ"></image-tag>
  <image-tag imageIdentifier="./assets/images/trump/d09.gif" tag="トランプ"></image-tag>
  <image-tag imageIdentifier="./assets/images/trump/d13.gif" tag="トランプ"></image-tag>
  <image-tag imageIdentifier="./assets/images/trump/d03.gif" tag="トランプ"></image-tag>
  <image-tag imageIdentifier="./assets/images/trump/c13.gif" tag="トランプ"></image-tag>
  <image-tag imageIdentifier="./assets/images/trump/c09.gif" tag="トランプ"></image-tag>
  <image-tag imageIdentifier="./assets/images/trump/x02.gif" tag="トランプ"></image-tag>
  <image-tag imageIdentifier="./assets/images/trump/s08.gif" tag="トランプ"></image-tag>
  <image-tag imageIdentifier="./assets/images/trump/h11.gif" tag="トランプ"></image-tag>
  <image-tag imageIdentifier="./assets/images/trump/s09.gif" tag="トランプ"></image-tag>
  <image-tag imageIdentifier="./assets/images/trump/s10.gif" tag="トランプ"></image-tag>
  <image-tag imageIdentifier="./assets/images/trump/c07.gif" tag="トランプ"></image-tag>
  <image-tag imageIdentifier="./assets/images/trump/s04.gif" tag="トランプ"></image-tag>
  <image-tag imageIdentifier="./assets/images/trump/d08.gif" tag="トランプ"></image-tag>
  <image-tag imageIdentifier="./assets/images/trump/d05.gif" tag="トランプ"></image-tag>
  <image-tag imageIdentifier="./assets/images/trump/h05.gif" tag="トランプ"></image-tag>
  <image-tag imageIdentifier="./assets/images/trump/c02.gif" tag="トランプ"></image-tag>
  <image-tag imageIdentifier="./assets/images/trump/c08.gif" tag="トランプ"></image-tag>
  <image-tag imageIdentifier="./assets/images/trump/c12.gif" tag="トランプ"></image-tag>
  <image-tag imageIdentifier="./assets/images/trump/d01.gif" tag="トランプ"></image-tag>
  <image-tag imageIdentifier="./assets/images/trump/h03.gif" tag="トランプ"></image-tag>
  <image-tag imageIdentifier="./assets/images/trump/h10.gif" tag="トランプ"></image-tag>
  <image-tag imageIdentifier="./assets/images/trump/c01.gif" tag="トランプ"></image-tag>
  <image-tag imageIdentifier="./assets/images/trump/s07.gif" tag="トランプ"></image-tag>
  <image-tag imageIdentifier="./assets/images/trump/d07.gif" tag="トランプ"></image-tag>
  <image-tag imageIdentifier="./assets/images/trump/d04.gif" tag="トランプ"></image-tag>
  <image-tag imageIdentifier="./assets/images/trump/h04.gif" tag="トランプ"></image-tag>
  <image-tag imageIdentifier="./assets/images/trump/c10.gif" tag="トランプ"></image-tag>
  <image-tag imageIdentifier="./assets/images/trump/h07.gif" tag="トランプ"></image-tag>
  <image-tag imageIdentifier="./assets/images/trump/h01.gif" tag="トランプ"></image-tag>
  <image-tag imageIdentifier="./assets/images/trump/d10.gif" tag="トランプ"></image-tag>
  <image-tag imageIdentifier="./assets/images/trump/c04.gif" tag="トランプ"></image-tag>
  <image-tag imageIdentifier="./assets/images/trump/d12.gif" tag="トランプ"></image-tag>
  <image-tag imageIdentifier="./assets/images/trump/s03.gif" tag="トランプ"></image-tag>
  <image-tag imageIdentifier="./assets/images/trump/c03.gif" tag="トランプ"></image-tag>
  <image-tag imageIdentifier="./assets/images/trump/h02.gif" tag="トランプ"></image-tag>
  <image-tag imageIdentifier="./assets/images/trump/c06.gif" tag="トランプ"></image-tag>
  <image-tag imageIdentifier="./assets/images/trump/x01.gif" tag="トランプ"></image-tag>
  <image-tag imageIdentifier="./assets/images/trump/d02.gif" tag="トランプ"></image-tag>
  <image-tag imageIdentifier="./assets/images/trump/c11.gif" tag="トランプ"></image-tag>
  <image-tag imageIdentifier="51581433e5748ba354366cbb097be1ba8fb47fb2a5f6b73485f3d6704193a9a8" tag="背景"></image-tag>
  <image-tag imageIdentifier="92779935e0d52ccee093742d970b542ac4cf5dd525c7b08bc011f9100f7b3049" tag="背景"></image-tag>
</image-tag-list>